DMA_Code,date,spend_display_hcp,spend_display_dtc,spend_paidsearch_hcp,spend_meetings,spend_teledetails,spend_emails,impressions_display_hcp,impressions_display_dtc,impressions_paidsearch_hcp,clicks_display_hcp,clicks_display_dtc,clicks_paidsearch_hcp,TRX,NRX,PDE,zelapar_selegiline_trx,unique_hcps
500,2020-10-01,8431.4133,0.0,5769.0,1,1,34,147433.0,0,5518,107.0,0,612,1.103,1.053,21.0,21.183,15
500,2020-11-01,8903.7246,0.0,30867.0,0,1,16,160129.0,0,85709,122.0,0,6714,3.491,2.034,19.4,15.428999999999998,15
500,2020-12-01,7042.7543,0.0,29110.0,0,0,9,116104.0,0,91597,93.0,0,6705,1.0,0.0,12.0,27.299,15
500,2021-01-01,12081.594,0.0,14883.0,0,0,4,174916.0,0,52156,190.0,0,4173,3.317,2.127,17.8,21.801,15
500,2021-02-01,13039.6145,0.0,15231.0,0,0,6,247078.0,0,56980,307.0,0,4404,2.33,2.0,16.8,18.512999999999998,15
500,2021-03-01,11892.4674,0.0,16116.0,0,0,3,222840.0,0,48341,135.0,0,4122,7.333,4.652,21.2,24.784,15
500,2021-04-01,4019.7316987100003,0.0,7899.0,0,0,3,57878.999823,0,16378,109.71862098,0,1944,2.83,1.001,20.2,20.572,15
500,2021-05-01,6452.28629423,0.0,8677.34,0,0,3,127097.999536,0,13750,265.51088066,0,1768,4.073,3.173,27.0,16.77,15
500,2021-06-01,6568.850144309999,0.0,12089.76,0,0,0,176399.99937600002,0,18571,382.30441827,0,2188,3.201,2.391,32.2,24.509,15
500,2021-07-01,10441.3744,125382.0132469,15451.18,0,0,2,176194.0,7951785,40491,210.0,7810,3144,3.52,2.045,20.0,18.502,15
500,2021-08-01,9237.047999999999,158972.827434,16636.47,0,0,0,214074.0,12665237,46003,140.0,8496,3570,3.675,2.118,19.2,18.334999999999997,15
500,2021-09-01,9742.1034,150915.9361666,16526.59,0,0,20,234474.0,11209999,48249,90.0,8534,3648,0.0,0.0,12.4,19.778,15
501,2020-10-01,5087.45,0.0,2409.0,0,0,41,92284.0,0,2176,46.0,0,248,0.0,0.0,29.4,17.668,15
501,2020-11-01,4997.0499,0.0,14435.0,0,1,19,97070.0,0,40516,78.0,0,3280,1.0,0.0,29.0,15.827,15
501,2020-12-01,6321.6962,0.0,13634.0,0,0,10,111725.0,0,44356,73.0,0,3416,1.853,1.473,18.0,13.95,15
501,2021-01-01,7520.248500000001,0.0,6927.0,0,0,6,115668.0,0,25737,115.0,0,2225,1.275,1.045,32.8,18.704,15
501,2021-02-01,10135.2109,0.0,8348.0,0,1,9,194574.0,0,29280,197.0,0,2500,4.723,3.211,31.4,10.559000000000001,15
501,2021-03-01,8010.9322999999995,0.0,7299.0,0,0,2,152100.0,0,23650,96.0,0,2071,2.8899999999999997,2.1399999999999997,23.0,19.747,15
501,2021-04-01,2319.11213649,0.0,3850.0,0,0,6,34838.99983103,0,7803,65.34758661000001,0,1044,0.5,0.0,40.4,14.442,15
501,2021-05-01,4090.91657979,0.0,4107.43,0,0,1,81783.9995665,0,6654,170.08043423,0,887,6.434,2.089,33.4,8.399000000000001,15
501,2021-06-01,4091.17494812,0.0,5173.54,0,0,1,113802.9994071,0,8836,247.23056334,0,997,5.9670000000000005,4.123,32.2,11.984,15
501,2021-07-01,7002.3313,76040.91458889999,7960.83,0,0,3,119339.0,3421463,21382,103.0,3278,1681,3.918,2.018,21.8,11.282,15
501,2021-08-01,6262.4421999999995,89524.8103534,7820.13,0,0,4,138801.0,5930237,22513,91.0,4207,1736,3.5780000000000003,3.048,22.2,11.362,15
501,2021-09-01,5598.155699999999,89479.78639190001,7956.73,0,0,19,141241.0,5760168,22289,50.0,4757,1826,5.551,3.06,18.4,9.083,15
502,2020-10-01,10572.5136,0.0,6772.0,0,2,34,182717.0,0,6762,123.0,0,742,3.156,0.966,25.8,31.045,15
502,2020-11-01,11032.6828,0.0,39181.0,0,0,20,192938.0,0,105170,161.0,0,8418,5.629,2.948,19.0,26.548,15
502,2020-12-01,9756.5514,0.0,36435.0,0,1,11,157892.0,0,113023,138.0,0,8353,4.995,0.989,18.0,25.488,15
502,2021-01-01,15694.9563,0.0,18402.0,0,1,4,224201.0,0,63060,210.0,0,5136,8.882,5.167,18.4,21.472,15
502,2021-02-01,18241.1367,0.0,20020.0,0,1,1,343765.0,0,70539,419.0,0,5596,5.17,0.948,16.4,33.872,15
502,2021-03-01,16764.513,0.0,20493.0,0,1,1,309195.0,0,59507,286.0,0,5104,8.144,3.375,18.6,28.419000000000004,15
502,2021-04-01,5452.8678131100005,0.0,10107.0,0,4,8,72877.9998268,0,19792,136.70886744,0,2491,4.957,2.427,34.8,27.467000000000002,15
502,2021-05-01,8187.85943816,0.0,11033.45,0,0,1,154918.9995564,0,17389,321.43523534,0,2177,11.337,7.865,32.0,29.244,15
502,2021-06-01,8340.95412343,0.0,15161.79,0,0,0,216440.9993948,0,23127,466.98571448999996,0,2745,11.579999999999998,6.284,25.8,24.131,15
502,2021-07-01,14372.8819,165564.7295732,20871.94,0,3,0,239641.0,10501816,51274,255.0,9955,4094,11.474,5.282,26.2,26.306,15
502,2021-08-01,12733.9782,209869.7100857,21671.96,0,2,1,293548.0,16666974,57424,206.0,10984,4538,13.244,6.2700000000000005,18.2,26.009,15
502,2021-09-01,13157.1715,203693.5263799,21171.79,0,3,24,316783.0,15190417,60860,103.0,11059,4627,12.328,5.291,18.4,22.874,15
503,2020-10-01,11881.1711,0.0,8457.0,0,0,24,207587.0,0,7399,194.0,0,907,1.636,1.176,33.2,11.907,15
503,2020-11-01,11469.0862,0.0,38799.0,0,0,15,197257.0,0,104082,134.0,0,8109,5.084,3.29,31.8,13.636,15
503,2020-12-01,9354.5407,0.0,37118.0,0,0,9,148171.0,0,110804,100.0,0,8310,3.17,1.043,22.8,11.177,15
503,2021-01-01,16009.7496,0.0,18336.0,0,0,5,227245.0,0,63707,241.0,0,4895,4.631,4.301,25.4,15.134,15
503,2021-02-01,17715.6558,0.0,19535.0,0,0,5,335855.0,0,68209,428.0,0,5380,3.204,1.326,17.8,12.633000000000001,15
503,2021-03-01,15930.9776,0.0,21346.0,0,0,0,296218.0,0,58429,266.0,0,5001,7.577,3.479,23.4,15.042,15
503,2021-04-01,5730.25469339,0.0,11889.0,0,0,2,76007.99983742999,0,20407,145.057521,0,2582,4.529999999999999,1.496,32.6,14.05,15
503,2021-05-01,8491.00453091,0.0,11695.58,0,1,0,160738.99958099998,0,17811,334.38936235,0,2272,5.715,3.893,34.4,13.584,15
503,2021-06-01,8370.28392465,0.0,15656.66,0,0,0,222631.9993815,0,23144,484.16136115,0,2618,12.097,6.964,30.8,10.074,15
503,2021-07-01,13850.8261,161541.7124343,21883.32,0,0,0,228896.0,13219294,49760,257.0,11095,4149,11.312,6.328,25.6,13.01,15
503,2021-08-01,12124.5594,198431.2582334,20906.02,0,1,0,282700.0,20108553,55252,202.0,11976,4296,6.462,2.027,20.6,10.46,15
503,2021-09-01,13502.3519,194219.5747011,20036.21,0,1,14,318794.0,18586477,57029,95.0,11793,4275,12.421,6.771,14.0,9.901,15
504,2020-10-01,11985.048,0.0,8338.0,0,0,28,215061.0,0,6928,185.0,0,874,3.644,2.4139999999999997,24.0,10.039,15
504,2020-11-01,11361.5989,0.0,38487.0,0,1,15,201439.0,0,102852,137.0,0,8064,1.28,1.01,26.2,7.089,15
504,2020-12-01,10244.3123,0.0,37241.0,0,0,6,167381.0,0,109993,125.0,0,8396,6.932,5.812,26.0,12.059,15
504,2021-01-01,16597.487999999998,0.0,18462.0,0,1,2,245879.0,0,63174,245.0,0,4953,8.932,7.752,31.1,7.491,15
504,2021-02-01,18033.5989,0.0,19381.0,0,0,3,342989.0,0,67475,447.0,0,5391,4.969,4.179,29.4,9.208,15
504,2021-03-01,16596.7208,0.0,20659.0,0,0,3,310684.0,0,58046,294.0,0,4971,13.49,11.395,19.4,11.578000000000001,15
504,2021-04-01,5650.27517698,0.0,11392.0,0,1,1,75948.9998322,0,20218,144.77982365999998,0,2540,11.353,9.407,32.6,6.597,15
504,2021-05-01,8906.97611361,0.0,11524.43,0,0,0,171518.9995703,0,17712,357.25893872,0,2260,16.395,12.39,33.2,8.136,15
504,2021-06-01,8752.417939519999,0.0,15260.67,0,3,0,235667.99938589998,0,23228,512.84927729,0,2615,10.547,5.539,28.4,11.193999999999999,15
504,2021-07-01,14002.1322,168031.68342790002,22266.309999999998,0,3,0,235787.0,12625625,50766,259.0,9662,4220,9.528,4.241,32.65,6.097,15
504,2021-08-01,12491.404,204097.95554249999,20488.3,0,5,1,286352.0,20164326,55474,214.0,11766,4269,10.048,4.061,26.0,8.939,15
504,2021-09-01,13102.4024,199424.9670783,19185.3,0,1,12,314719.0,18751542,55624,111.0,11884,4166,9.035,2.019,27.0,7.299,15
505,2020-10-01,18464.075100000002,0.0,14320.0,0,0,27,320967.0,0,11681,298.0,0,1508,0.5,0.0,35.6,7.140000000000001,15
505,2020-11-01,18227.5746,0.0,63571.0,0,1,13,307469.0,0,170265,201.0,0,13351,2.7039999999999997,2.2439999999999998,30.8,4.095,15
505,2020-12-01,15897.7638,0.0,61881.0,0,1,6,248941.0,0,182947,177.0,0,13587,8.248000000000001,6.267,28.2,4.059,15
505,2021-01-01,25741.2483,0.0,31076.0,0,1,1,364333.0,0,103653,389.0,0,8081,8.004,4.61,33.0,6.099,15
505,2021-02-01,25662.979900000002,0.0,32554.0,0,2,5,479144.0,0,113907,672.0,0,8864,12.01,6.986,36.0,3.11,15
505,2021-03-01,25857.534900000002,0.0,34818.0,0,0,0,476419.0,0,95910,463.0,0,8115,11.799,4.132,36.4,3.107,15
505,2021-04-01,9024.038494670001,0.0,18581.0,0,0,0,114675.99983269999,0,33252,218.419329,0,4127,18.124,6.337,35.0,6.111,15
505,2021-05-01,13202.802849149999,0.0,18305.68,0,4,2,245605.9995565,0,29179,509.59281859000004,0,3497,19.693,11.748999999999999,32.8,4.518000000000001,15
505,2021-06-01,13192.83077037,0.0,25754.31,0,2,0,341115.9993501,0,38874,740.36762635,0,4382,13.294,1.029,34.0,2.5060000000000002,15
505,2021-07-01,22698.5998,278362.9646285,36344.85,0,2,0,376368.0,21254305,83252,421.0,17788,6846,10.5,2.1239999999999997,24.8,9.461,15
505,2021-08-01,20040.8544,343325.6012712,34800.200000000004,0,2,0,477099.0,32562135,93167,352.0,20034,7167,9.836,3.323,28.6,3.6029999999999998,15
505,2021-09-01,23906.8881,329297.4775197,31978.22,0,2,14,556611.0,29338192,90236,181.0,19185,6890,7.093999999999999,1.123,14.2,4.427,15
506,2020-10-01,10969.8144,0.0,8057.0,0,0,32,194852.0,0,7015,154.0,0,838,3.0780000000000003,1.044,24.4,29.192,15
506,2020-11-01,10813.8376,0.0,38918.0,0,0,15,186504.0,0,106638,128.0,0,8343,5.832,4.128,25.0,32.82,15
506,2020-12-01,10025.9684,0.0,37622.0,0,0,12,159323.0,0,115015,117.0,0,8536,11.66,7.458,21.0,31.573999999999998,15
506,2021-01-01,15927.4545,0.0,18499.0,0,0,4,232616.0,0,64992,254.0,0,5198,7.670999999999999,2.0940000000000003,18.4,29.587,15
506,2021-02-01,17397.0518,0.0,20604.0,0,0,7,327425.0,0,73306,431.0,0,5763,11.146,5.851999999999999,21.8,32.031,15
506,2021-03-01,16493.516,0.0,21273.0,0,0,1,307092.0,0,60874,288.0,0,5237,6.997,1.423,16.4,31.245,15
506,2021-04-01,5311.91851613,0.0,11052.0,0,0,3,69763.9998196,0,20590,132.64124031,0,2634,11.614,5.395,17.8,25.942999999999998,15
506,2021-05-01,7956.95973275,0.0,11251.03,0,0,0,149042.999544,0,18030,308.72704577,0,2234,2.444,1.03,18.0,43.65,15
506,2021-06-01,8028.110734469999,0.0,15383.71,0,1,0,208058.99937,0,23912,450.83072989,0,2698,17.403,7.596,15.4,36.577000000000005,15
506,2021-07-01,13877.8214,169042.2093208,22177.38,0,1,1,230331.0,10628748,52152,239.0,9152,4238,5.617,1.0,7.199999999999999,34.758,15
506,2021-08-01,12478.953399999999,207595.443122,21343.489999999998,0,1,0,290898.0,17010571,58217,216.0,10866,4478,7.394,1.072,10.0,35.556,15
506,2021-09-01,13861.1392,202231.011726,19996.54,0,2,20,337309.0,15564541,57898,104.0,10864,4379,5.515,2.404,15.2,31.77,15
507,2020-10-01,8577.8448,0.0,5404.0,0,0,18,152381.0,0,5013,121.0,0,599,0.0,0.0,10.4,25.436999999999998,15
507,2020-11-01,8381.3059,0.0,30126.0,0,1,10,149140.0,0,79970,90.0,0,6376,1.356,1.006,10.6,35.462,15
507,2020-12-01,7560.1585000000005,0.0,28543.0,0,2,4,121931.0,0,86464,85.0,0,6521,0.0,0.0,16.5,33.102999999999994,15
507,2021-01-01,11949.3297,0.0,14233.0,0,1,11,169680.0,0,48224,197.0,0,3854,0.0,0.0,13.0,23.798000000000002,15
507,2021-02-01,12482.1384,0.0,14362.0,0,0,6,235628.0,0,52822,331.0,0,4124,1.14,1.0,25.4,27.695999999999998,15
507,2021-03-01,12045.324400000001,0.0,15385.0,0,0,6,224548.0,0,44515,189.0,0,3864,4.003,3.043,33.0,26.756999999999998,15
507,2021-04-01,4065.48365744,0.0,8024.0,0,0,4,55236.9998718,0,15493,104.46345809,0,1828,3.615,2.0700000000000003,32.2,23.389,15
507,2021-05-01,7726.88594939,0.0,8049.11,0,0,2,129938.999688,0,13738,271.25716614,0,1663,1.687,1.237,22.0,23.75,15
507,2021-06-01,6536.8879491299995,0.0,11358.95,0,1,0,176916.999541,0,17840,384.60344439,0,2037,2.3209999999999997,0.962,33.2,22.653,15
507,2021-07-01,10683.6385,127561.977726,16378.64,0,1,2,180515.0,9298870,39183,226.0,7615,3186,8.523,7.513,27.8,21.483999999999998,15
507,2021-08-01,9423.5772,161166.915576,15721.26,0,1,0,217687.0,14623797,43660,164.0,9203,3341,7.588000000000001,2.384,22.0,22.275,15
507,2021-09-01,9777.503700000001,154099.758465,15559.67,0,0,21,237623.0,13083865,45714,108.0,8909,3420,11.253,7.494,19.0,17.927,15
508,2020-10-01,9911.7173,0.0,7127.0,0,1,36,175209.0,0,6601,122.0,0,799,2.519,2.009,22.4,13.460999999999999,15
508,2020-11-01,10371.2614,0.0,34883.0,0,0,22,183840.0,0,94413,90.0,0,7323,1.379,1.009,14.4,15.953,15
508,2020-12-01,8117.9187,0.0,33372.0,0,0,8,131805.0,0,102389,90.0,0,7558,2.8129999999999997,2.053,11.4,17.445999999999998,15
508,2021-01-01,13544.7351,0.0,16552.0,0,0,2,196124.0,0,57952,225.0,0,4508,1.353,1.043,17.8,19.615,15
508,2021-02-01,15866.629,0.0,17125.0,0,0,6,302799.0,0,62052,366.0,0,4890,0.5,0.0,20.8,12.407,15
508,2021-03-01,14169.4709,0.0,18525.0,0,0,2,268314.0,0,53192,215.0,0,4537,1.227,1.027,11.8,17.037,15
508,2021-04-01,4782.47494963,0.0,10393.0,0,2,1,67624.99983029999,0,18605,128.72776553,0,2345,5.182,3.0220000000000002,14.0,14.931000000000001,15
508,2021-05-01,7557.6003942,0.0,10656.51,0,0,0,148989.9995562,0,16242,312.78528583,0,2132,6.224,4.545,21.4,14.467,15
508,2021-06-01,7559.35483097,0.0,13569.21,0,1,1,208538.9993912,0,20759,454.02452903,0,2348,4.381,2.477,14.4,18.897,15
508,2021-07-01,11775.2803,149960.1380112,19233.22,0,0,2,203275.0,12540320,44845,257.0,10450,3643,3.617,0.0,23.599999999999998,16.616,15
508,2021-08-01,10495.8886,185137.2255379,18623.72,0,0,1,234312.0,18593854,50253,151.0,11223,3819,7.7059999999999995,4.018,29.2,14.642,15
508,2021-09-01,9847.8591,178124.1398919,18112.97,0,0,20,248927.0,16692399,51499,107.0,11071,3944,14.325000000000001,10.885,17.4,22.05,15
509,2020-10-01,8086.8725,0.0,3669.0,0,0,22,142738.0,0,3608,66.0,0,376,3.583,3.103,48.0,6.052,15
509,2020-11-01,7105.5262999999995,0.0,24637.0,0,0,9,126243.0,0,67532,104.0,0,5409,0.0,0.0,44.2,6.209,15
509,2020-12-01,7136.015,0.0,23373.0,0,0,5,119911.0,0,71986,101.0,0,5369,3.933,2.12,34.2,9.196,15
509,2021-01-01,10586.6163,0.0,12075.0,0,0,9,147001.0,0,40434,144.0,0,3465,5.744,3.2670000000000003,42.4,5.053,15
509,2021-02-01,11058.0658,0.0,12713.0,0,0,6,208903.0,0,46008,257.0,0,3707,3.996,3.026,41.0,7.303,15
509,2021-03-01,9476.7582,0.0,12445.0,0,0,1,176015.0,0,38712,101.0,0,3314,9.915,6.5489999999999995,38.8,12.675,15
509,2021-04-01,3363.25563954,0.0,6193.0,0,0,4,47855.9998321,0,12475,91.05253117,0,1564,4.244,1.148,44.2,8.292,15
509,2021-05-01,5513.02913992,0.0,6553.629999999999,0,1,1,106476.9995609,0,11047,221.64937919,0,1383,7.358,3.453,32.4,10.85,15
509,2021-06-01,5465.7449228899995,0.0,8964.19,0,0,1,145549.9994055,0,15341,313.14913321,0,1753,4.386,3.1959999999999997,29.8,12.364,15
509,2021-07-01,8268.542300000001,100868.10804759999,13289.31,0,0,1,141658.0,4453489,35887,153.0,4614,2780,9.238,6.426,28.0,9.795,15
509,2021-08-01,7552.281199999999,122661.1854446,13039.19,0,0,1,173121.0,7465474,39558,119.0,5835,2913,6.08,3.276,27.4,6.926,15
509,2021-09-01,8136.6725,116537.39804890001,14067.890000000001,0,1,12,180799.0,6715225,41144,83.0,6005,3181,6.479,3.03,19.8,10.233,15
510,2020-10-01,7414.5631,0.0,4638.0,0,1,35,130311.0,0,4858,86.0,0,544,0.0,0.0,34.4,24.678,15
510,2020-11-01,8502.3354,0.0,26845.0,0,0,18,157982.0,0,73975,127.0,0,5821,4.292999999999999,3.1029999999999998,26.4,21.588,15
510,2020-12-01,7264.0834,0.0,26187.0,0,0,10,122344.0,0,81675,96.0,0,6128,1.405,1.005,17.4,15.433,15
510,2021-01-01,11756.3502,0.0,12495.0,0,0,8,174500.0,0,44979,207.0,0,3570,4.2219999999999995,3.142,20.8,26.953,15
510,2021-02-01,15978.564999999999,0.0,13034.0,0,0,8,308814.0,0,48350,364.0,0,3895,4.176,1.073,27.8,21.430999999999997,15
510,2021-03-01,12336.1687,0.0,13274.0,0,0,2,233634.0,0,40910,171.0,0,3555,9.065999999999999,5.859,25.8,22.375999999999998,15
510,2021-04-01,4110.15077249,0.0,7305.0,0,0,2,60670.9998228,0,14453,114.85843323,0,1763,7.536,4.653,31.6,17.409,15
510,2021-05-01,6986.151365590001,0.0,7079.72,0,0,3,140685.99955500002,0,12351,295.68998078,0,1535,4.004,2.136,32.2,25.389,15
510,2021-06-01,6876.09618919,0.0,10387.8,0,0,1,191064.999398,0,16267,415.21384251,0,1868,8.892,7.782,36.2,15.425,15
510,2021-07-01,12085.7482,128989.017097,13627.23,0,0,3,206222.0,8880430,35177,271.0,7940,2722,0.0,0.0,22.6,19.064,15
510,2021-08-01,10696.4664,163830.680136,14813.35,0,0,0,239884.0,13916818,41195,161.0,9113,3155,5.345,3.0,17.2,26.435000000000002,15
510,2021-09-01,9637.7398,159961.375734,14535.27,0,3,23,235449.0,12696081,45778,100.0,9388,3299,5.0169999999999995,3.16,18.2,19.792,15
511,2020-10-01,18081.4163,0.0,13714.0,0,0,28,325360.0,0,11165,317.0,0,1436,0.0,0.0,35.0,47.808,15
511,2020-11-01,17349.7408,0.0,58698.0,0,0,15,300195.0,0,156679,193.0,0,12225,0.0,0.0,26.4,56.333999999999996,15
511,2020-12-01,14678.1758,0.0,57757.0,0,1,8,234417.0,0,169015,158.0,0,12755,1.181,1.111,23.0,53.747,15
511,2021-01-01,24516.7383,0.0,28772.0,0,1,3,364308.0,0,96480,382.0,0,7509,0.0,0.0,27.0,40.814,15
511,2021-02-01,26131.0911,0.0,30067.0,0,0,1,492846.0,0,103859,706.0,0,8142,1.325,1.005,24.0,42.735,15
511,2021-03-01,25809.318900000002,0.0,31905.0,0,0,0,480602.0,0,87872,465.0,0,7502,1.34,1.0,27.0,58.01,15
511,2021-04-01,8652.58156344,0.0,17494.0,0,0,1,112182.999832,0,31045,214.22548072,0,3839,6.578,4.478,24.0,38.691,15
511,2021-05-01,13366.053984099999,0.0,17520.93,0,0,3,254372.999544,0,26963,529.10530793,0,3315,2.713,2.293,31.0,52.041000000000004,15
511,2021-06-01,13389.4180008,0.0,23541.33,0,0,1,354496.99936,0,35572,771.11111356,0,3901,16.562,9.686,36.8,51.724,15
511,2021-07-01,22967.8784,267486.633984,34033.39,0,1,0,385530.0,20127591,76102,446.0,15699,6315,12.388,7.927,24.2,35.599000000000004,15
511,2021-08-01,20407.0994,327951.873659,31997.79,0,2,1,476413.0,31731872,84965,368.0,18624,6599,12.881,6.619,21.4,38.506,15
511,2021-09-01,22083.7374,318751.521447,28742.88,0,1,13,539616.0,29271310,82593,187.0,18499,6213,10.036999999999999,4.848,15.4,35.281,15
512,2020-10-01,4710.1849,0.0,3133.0,0,0,34,86381.0,0,2996,56.0,0,335,3.6420000000000003,3.302,35.8,47.325,15
512,2020-11-01,5359.798,0.0,18531.0,0,0,15,103440.0,0,50695,82.0,0,4117,3.8179999999999996,2.2399999999999998,34.0,44.102999999999994,15
512,2020-12-01,4283.403,0.0,16787.0,0,0,9,72226.0,0,53413,71.0,0,4062,5.121,3.121,18.8,47.141999999999996,15
512,2021-01-01,7756.2654,0.0,8118.0,0,0,1,117932.0,0,31166,136.0,0,2504,2.561,2.051,16.2,46.116,15
512,2021-02-01,10354.0324,0.0,9452.0,0,0,4,200617.0,0,34315,206.0,0,2827,3.476,2.516,24.8,48.223,15
512,2021-03-01,8025.8744,0.0,9287.0,0,0,2,152745.0,0,28808,116.0,0,2496,4.874,1.193,24.8,46.37,15
512,2021-04-01,2523.32080397,0.0,4663.0,0,0,1,37145.99982768,0,9672,71.30994147,0,1173,3.5460000000000003,2.152,20.8,43.697,15
512,2021-05-01,4140.31534995,0.0,5286.4400000000005,0,0,3,81951.9995595,0,8195,170.46898879,0,1073,2.143,1.0,21.8,49.015,15
512,2021-06-01,4069.01670452,0.0,6571.25,0,1,1,111716.9994068,0,10641,243.19768308,0,1205,7.46,3.138,30.2,45.524,15
512,2021-07-01,5897.2063,63707.9997707,9476.58,0,0,1,99963.0,3498662,23185,115.0,3360,1905,3.761,1.237,18.6,41.769,15
512,2021-08-01,5394.5216,82658.6478405,9725.01,0,2,0,123355.0,5970052,26117,82.0,4056,2063,3.379,1.372,23.4,46.998000000000005,15
512,2021-09-01,5378.3135,81578.8207001,9011.3,0,0,18,124116.0,5451709,26224,45.0,4286,2018,5.3149999999999995,3.217,15.2,36.605999999999995,15
513,2020-10-01,12419.8893,0.0,8382.0,0,0,35,215630.0,0,7882,146.0,0,902,0.5,0.0,26.4,42.363,15
513,2020-11-01,12203.2343,0.0,41511.0,0,0,18,209786.0,0,110443,141.0,0,8658,5.968,5.088,22.8,27.991999999999997,15
513,2020-12-01,10517.8198,0.0,37807.0,0,0,8,173144.0,0,117909,128.0,0,8400,2.907,2.227,10.0,39.909,15
513,2021-01-01,16981.0551,0.0,19954.0,0,0,0,234285.0,0,66418,237.0,0,5225,2.468,2.088,15.4,35.022999999999996,15
513,2021-02-01,16366.794,0.0,20276.0,0,0,4,305817.0,0,71846,360.0,0,5518,6.355,4.775,16.2,29.622,15
513,2021-03-01,16368.214899999999,0.0,22164.0,0,2,5,305069.0,0,61703,227.0,0,5172,1.138,1.098,12.8,43.341,15
513,2021-04-01,5827.49601637,0.0,11207.0,0,0,0,80344.999826,0,21211,153.02374391,0,2585,6.721,4.341,28.2,38.839,15
513,2021-05-01,8974.3668747,0.0,12147.77,0,0,0,173537.99955500002,0,18279,360.78798941,0,2350,4.311,2.242,21.6,41.565,15
513,2021-06-01,8850.8594958,0.0,16257.36,0,0,0,237884.999379,0,24611,514.51632851,0,2799,8.689,5.519,22.4,45.049,15
513,2021-07-01,16018.8878,183492.177538,21648.6,0,0,2,266515.0,13308775,53913,285.0,12337,4226,13.581999999999999,9.53,22.2,37.66,15
513,2021-08-01,14247.6796,224481.622235,22493.23,0,1,0,330555.0,20084111,61354,220.0,12714,4700,9.556999999999999,2.115,12.0,41.1,15
513,2021-09-01,15880.7926,218336.527836,22934.04,0,0,18,354131.0,18657041,65831,112.0,12957,4956,3.206,2.056,10.2,40.827,15
514,2020-10-01,6998.359,0.0,3669.0,0,1,35,117902.0,0,3811,64.0,0,401,0.0,0.0,22.8,13.219000000000001,15
514,2020-11-01,7162.8224,0.0,25612.0,0,2,18,126028.0,0,70113,125.0,0,5699,2.717,2.3369999999999997,25.4,15.702000000000002,15
514,2020-12-01,7174.9255,0.0,24129.0,0,1,8,117122.0,0,75504,111.0,0,5743,0.5,0.0,26.4,16.709,15
514,2021-01-01,11062.5837,0.0,12026.0,0,0,5,153548.0,0,42095,147.0,0,3665,1.475,1.015,36.6,12.463999999999999,15
514,2021-02-01,14558.7669,0.0,13714.0,0,1,2,279049.0,0,49303,311.0,0,4025,5.568,4.568,41.0,18.625,15
514,2021-03-01,11063.716499999999,0.0,13132.0,0,0,2,204732.0,0,40641,154.0,0,3543,3.957,2.0,28.4,11.709999999999999,15
514,2021-04-01,3583.16645384,0.0,5997.0,0,1,2,48763.9998238,0,13110,91.24063071,0,1644,5.593999999999999,3.061,30.8,15.832,15
514,2021-05-01,5540.10159181,0.0,6566.0,0,0,1,103880.9995777,0,11421,214.52539992,0,1384,9.704,3.3819999999999997,31.0,15.372,15
514,2021-06-01,5586.19831142,0.0,9547.44,0,0,0,143140.9993881,0,15737,306.81930897999996,0,1872,3.581,2.045,34.0,15.59,15
514,2021-07-01,9774.9503,107887.1329608,13672.38,0,0,0,159725.0,4966914,34965,165.0,5200,2787,8.678,3.914,23.1,15.639,15
514,2021-08-01,8633.2402,135698.6960565,14157.59,0,1,0,202412.0,8361559,38924,145.0,6367,3068,9.821,4.314,23.4,18.931,15
514,2021-09-01,9553.168599999999,131510.65093920002,14319.65,0,0,20,209833.0,7528405,41994,69.0,6661,3250,7.936,3.511,14.0,17.654,15
515,2020-10-01,8386.3897,0.0,5881.0,0,2,31,147337.0,0,5551,101.0,0,651,0.0,0.0,26.4,31.736,15
515,2020-11-01,8666.8578,0.0,31697.0,0,1,14,150751.0,0,85861,104.0,0,6730,0.0,0.0,26.2,26.451999999999998,15
515,2020-12-01,7522.54,0.0,29651.0,0,2,8,123025.0,0,92257,102.0,0,6738,2.512,1.053,13.4,34.474,15
515,2021-01-01,12172.7808,0.0,15062.0,0,2,3,178362.0,0,52068,173.0,0,4214,0.0,0.0,17.0,34.247,15
515,2021-02-01,14766.2372,0.0,16685.0,0,0,6,280843.0,0,57648,333.0,0,4680,2.7779999999999996,2.138,27.0,34.74,15
515,2021-03-01,13172.1193,0.0,16738.0,0,0,3,246829.0,0,48649,226.0,0,4136,3.424,1.446,19.4,30.262,15
515,2021-04-01,4234.3720484000005,0.0,8791.0,0,2,2,57656.99983373,0,16559,109.6376972,0,2072,6.892,6.2219999999999995,23.8,27.347,15
515,2021-05-01,6389.35767873,0.0,9336.58,0,0,3,121657.9995665,0,14324,252.53025972,0,1816,8.384,5.245,23.4,24.451999999999998,15
515,2021-06-01,6469.85710616,0.0,12266.96,0,0,1,169385.99939369998,0,18947,366.16625251,0,2192,6.528,4.635,28.2,29.343,15
515,2021-07-01,9780.4331,124198.3665796,17077.57,0,0,1,165745.0,8819987,41145,191.0,7208,3272,8.827,4.97,23.2,28.796999999999997,15
515,2021-08-01,8916.3592,157281.3844411,17547.3,0,0,0,202913.0,14002371,46847,136.0,8362,3643,10.617,4.771,13.6,28.388,15
515,2021-09-01,9215.6391,151368.4951464,16104.23,0,0,21,219392.0,12737192,46978,73.0,8545,3545,3.793,3.053,11.4,38.505,15
516,2020-10-01,10111.8379,0.0,6119.0,0,0,36,179415.0,0,5516,118.0,0,650,2.39,2.04,31.0,47.287,15
516,2020-11-01,9523.8604,0.0,33034.0,0,0,16,162859.0,0,89333,122.0,0,7098,2.559,1.029,31.0,47.891,15
516,2020-12-01,8575.7791,0.0,31230.0,0,0,8,138486.0,0,95740,112.0,0,7027,1.371,0.0,27.0,63.914,15
516,2021-01-01,13071.3444,0.0,15739.0,0,0,3,182028.0,0,53418,172.0,0,4343,2.3280000000000003,1.045,20.4,57.638,15
516,2021-02-01,12959.5475,0.0,16899.0,0,0,7,241554.0,0,60354,286.0,0,4766,1.444,1.134,15.4,50.979,15
516,2021-03-01,12655.901600000001,0.0,17431.0,0,0,1,233328.0,0,50774,180.0,0,4298,5.999,3.197,22.4,65.22,15
516,2021-04-01,4568.44894117,0.0,8426.0,0,0,0,61181.9998241,0,16691,117.5782543,0,2035,8.605,5.673,34.4,50.785,15
516,2021-05-01,7018.39901646,0.0,9202.77,0,0,5,132885.99955900002,0,14773,275.1946717,0,1814,6.196,2.202,31.0,61.717999999999996,15
516,2021-06-01,7040.87323416,0.0,12728.380000000001,0,1,0,183841.999376,0,20213,397.37038715,0,2328,8.658000000000001,4.793,22.0,61.187,15
516,2021-07-01,11161.5818,132136.457883,18127.98,0,1,2,186809.0,7697837,45445,209.0,7131,3604,7.816,5.112,25.1,49.044000000000004,15
516,2021-08-01,9852.2966,162600.291364,18234.97,0,0,0,236972.0,12251100,51346,162.0,8514,3865,10.889,6.175,19.4,59.551,15
516,2021-09-01,12299.3342,154938.880444,17950.12,0,1,20,270740.0,11022623,51280,95.0,8391,3970,8.067,2.252,9.4,55.80200000000001,15
517,2020-10-01,5968.366300000001,0.0,4053.0,0,1,28,102375.0,0,3959,70.0,0,453,0.0,0.0,12.0,36.824,15
517,2020-11-01,6243.9732,0.0,21711.0,0,0,14,112218.0,0,57641,72.0,0,4631,0.5,0.0,9.0,28.864,15
517,2020-12-01,5442.2094,0.0,19822.0,0,3,8,89701.0,0,61771,67.0,0,4629,0.0,0.0,10.0,34.575,15
517,2021-01-01,9145.776,0.0,10021.0,0,1,6,128537.0,0,35366,162.0,0,2858,1.515,1.015,10.2,26.092,15
517,2021-02-01,11308.9064,0.0,10339.0,0,0,6,216018.0,0,38423,274.0,0,3017,1.465,1.025,8.4,25.471999999999998,15
517,2021-03-01,8782.9188,0.0,11275.0,0,0,0,166805.0,0,32538,102.0,0,2876,1.048,1.028,22.2,27.807,15
517,2021-04-01,2912.76542379,0.0,6019.0,0,0,4,42949.99982963,0,11581,82.17902732,0,1418,1.467,1.037,21.8,21.883000000000003,15
517,2021-05-01,4800.3088222100005,0.0,6248.25,0,0,4,96162.9995568,0,9770,201.06086342999998,0,1315,2.425,2.065,20.4,25.268,15
517,2021-06-01,4735.38969855,0.0,8337.95,0,3,1,132799.999372,0,12883,289.55468079,0,1486,7.77,6.35,22.6,29.679,15
517,2021-07-01,8464.446100000001,95034.8816516,10882.35,0,0,2,141831.0,6822979,27557,165.0,6204,2179,7.117,4.766,25.4,29.351,15
517,2021-08-01,7459.5084,120402.82540809999,11330.789999999999,0,2,3,170533.0,10687223,30383,101.0,6799,2407,7.098,3.713,18.8,28.95,15
517,2021-09-01,7504.874,117812.3190764,11373.54,0,0,19,184259.0,9765570,33680,68.0,6938,2475,9.146,5.046,16.6,29.513,15
518,2020-10-01,8242.5631,0.0,5807.0,0,0,50,152739.0,0,5240,79.0,0,616,3.9939999999999998,3.284,26.0,90.627,15
518,2020-11-01,8346.2029,0.0,29308.0,0,2,22,158552.0,0,80471,119.0,0,6300,1.397,1.017,23.0,103.18299999999999,15
518,2020-12-01,7658.5112,0.0,26783.0,0,0,17,131274.0,0,85984,100.0,0,6321,10.657,6.61,12.0,97.189,15
518,2021-01-01,11633.9046,0.0,14058.0,0,0,7,179430.0,0,49553,197.0,0,4093,9.917,4.636,20.4,78.733,15
518,2021-02-01,17031.4158,0.0,16055.0,0,0,9,330459.0,0,55368,353.0,0,4509,6.725,3.2969999999999997,21.0,91.101,15
518,2021-03-01,13035.9413,0.0,15228.0,0,0,3,248641.0,0,45799,188.0,0,3963,3.8289999999999997,2.1550000000000002,17.0,91.599,15
518,2021-04-01,4029.32597356,0.0,8005.0,2,2,2,59930.9998148,0,15274,113.40652763,0,1937,5.348,3.274,29.0,78.42,15
518,2021-05-01,6735.84530366,0.0,8527.4,0,1,4,134809.999546,0,13330,283.45612422,0,1778,3.497,1.381,32.4,103.72399999999999,15
518,2021-06-01,6765.8626766,0.0,11014.6,0,2,2,186961.99939,0,17147,406.92175779,0,2016,4.599,3.529,35.4,95.15100000000001,15
518,2021-07-01,10408.4213,128553.827945,15823.78,0,0,3,180902.0,8291998,39426,194.0,7310,3118,9.238999999999999,4.476,26.0,96.94200000000001,15
518,2021-08-01,9633.23,155535.496982,15386.38,0,1,2,210993.0,13370095,42043,150.0,8469,3256,3.207,0.967,26.8,101.628,15
518,2021-09-01,8537.3889,152538.804447,15242.57,0,0,26,200508.0,12331086,43177,73.0,8954,3396,3.982,3.0620000000000003,22.4,91.088,15
519,2020-10-01,7295.9635,0.0,3710.0,0,1,51,131123.0,0,3406,86.0,0,403,2.511,2.411,24.2,24.483,15
519,2020-11-01,7228.8355,0.0,20911.0,0,0,25,137170.0,0,58066,97.0,0,4592,0.5,0.0,24.8,27.323,15
519,2020-12-01,8908.584200000001,0.0,19616.0,0,0,14,158262.0,0,64052,97.0,0,4733,0.0,0.0,14.4,31.852,15
519,2021-01-01,10183.017,0.0,9825.0,0,0,9,149647.0,0,35997,200.0,0,2880,1.851,1.011,23.0,22.398000000000003,15
519,2021-02-01,13248.324,0.0,10704.0,0,0,3,254066.0,0,40197,323.0,0,3215,1.968,1.118,30.4,31.47,15
519,2021-03-01,9905.2211,0.0,11536.0,0,0,4,187847.0,0,33411,99.0,0,3012,6.855,5.505,24.4,40.422,15
519,2021-04-01,3263.03396125,0.0,5865.0,0,0,4,48974.99981923,0,11537,93.05865769,0,1449,6.2,4.89,24.0,28.554000000000002,15
519,2021-05-01,5879.3164926300005,0.0,5723.0,0,0,2,119691.99955380001,0,9740,249.62285917,0,1280,5.3919999999999995,3.01,32.4,30.467,15
519,2021-06-01,5579.24981359,0.0,7768.59,0,0,0,160947.999376,0,12916,351.67812757,0,1471,6.444,1.022,28.0,26.438,15
519,2021-07-01,9545.1253,107075.0708546,11171.43,0,0,0,162936.0,6623401,28504,176.0,5760,2297,6.897,5.317,24.8,44.991,15
519,2021-08-01,8342.3556,130958.0391521,10428.119999999999,0,0,0,187732.0,10944890,30255,121.0,6935,2320,4.929,2.019,21.0,35.752,15
519,2021-09-01,8148.630700000001,128964.62683739999,11572.14,0,0,20,192430.0,10139446,31767,74.0,7260,2563,1.35,1.0,10.4,29.363,15
520,2020-10-01,8475.0593,0.0,4749.0,0,0,30,143721.0,0,4415,91.0,0,504,0.0,0.0,29.4,25.972,15
520,2020-11-01,8404.5384,0.0,30159.0,0,0,16,148985.0,0,82657,118.0,0,6640,1.01,1.0,26.8,23.104,15
520,2020-12-01,8043.0737,0.0,27905.0,0,0,10,131268.0,0,87032,116.0,0,6427,2.439,1.0,18.0,29.947,15
520,2021-01-01,12747.9468,0.0,13955.0,0,0,3,179240.0,0,48962,185.0,0,4011,4.679,3.097,9.4,29.901,15
520,2021-02-01,12568.2439,0.0,15148.0,0,0,7,235129.0,0,54995,259.0,0,4383,1.538,1.058,16.4,25.509999999999998,15
520,2021-03-01,11499.4455,0.0,15288.0,0,2,2,214212.0,0,46642,142.0,0,4055,7.95,6.47,27.0,30.155,15
520,2021-04-01,3942.97130039,0.0,7521.0,0,0,3,56369.9998223,0,15608,107.54367662,0,1898,6.471,5.351,26.8,24.695999999999998,15
520,2021-05-01,6153.97348168,0.0,7956.57,0,0,3,118422.9995487,0,13292,245.61848074,0,1728,9.919,6.648,23.8,25.948,15
520,2021-06-01,6223.0606588499995,0.0,11130.35,0,0,2,165024.9993946,0,18392,355.96088335999997,0,2120,8.848,5.6,23.0,22.322,15
520,2021-07-01,9823.7326,119558.92845749999,15104.75,0,0,2,165185.0,6816671,41036,178.0,6987,3147,6.383,4.16,27.8,22.336,15
520,2021-08-01,8764.7208,149981.845252,16174.22,0,0,1,200837.0,10929661,45707,122.0,7893,3513,8.841000000000001,7.026,26.8,27.97,15
520,2021-09-01,8991.4138,142731.299911,15430.93,0,0,22,219544.0,9556110,46578,87.0,7912,3505,9.847999999999999,4.7170000000000005,15.4,20.407,15
521,2020-10-01,9898.1982,0.0,6573.0,0,0,20,176534.0,0,5812,114.0,0,725,1.0,0.0,31.0,35.712,15
521,2020-11-01,9369.5454,0.0,32903.0,0,0,11,167410.0,0,89729,122.0,0,6996,6.76,5.48,22.0,32.196,15
521,2020-12-01,8786.579,0.0,32211.0,0,0,7,144312.0,0,98581,113.0,0,7357,6.595,4.945,16.4,37.730000000000004,15
521,2021-01-01,13590.843,0.0,15946.0,0,0,5,197797.0,0,54686,216.0,0,4365,9.362,5.176,23.0,35.253,15
521,2021-02-01,15719.0574,0.0,16890.0,0,0,3,299283.0,0,60627,390.0,0,4830,5.639,1.547,15.0,28.195999999999998,15
521,2021-03-01,13836.4497,0.0,17638.0,0,0,5,259133.0,0,50758,212.0,0,4401,11.608,5.633,20.0,32.868,15
521,2021-04-01,4709.731519970001,0.0,9388.0,0,0,3,65038.9998271,0,17437,124.266181,0,2212,12.833,4.636,23.0,34.666,15
521,2021-05-01,7897.05368368,0.0,9272.73,0,0,2,155350.9995604,0,15348,325.56914367,0,1906,13.169,2.276,24.4,41.637,15
521,2021-06-01,7763.56900799,0.0,13197.1,0,0,1,210382.999387,0,20619,457.66706712,0,2349,11.728,5.577,32.2,45.736999999999995,15
521,2021-07-01,12857.743,168441.087914,18636.02,0,0,1,220927.0,12760880,45148,262.0,9457,3644,10.372,3.1390000000000002,19.0,43.629999999999995,15
521,2021-08-01,11524.1616,207755.8025805,17872.7,0,0,1,262527.0,20589334,50004,184.0,12010,3787,8.152,4.5809999999999995,30.4,43.144,15
521,2021-09-01,11699.8255,201320.3534031,16875.95,0,0,13,287920.0,18902769,50608,125.0,12247,3786,9.914,3.325,13.2,50.759,15
522,2020-10-01,8525.477200000001,0.0,5725.0,0,0,47,152013.0,0,5160,96.0,0,621,5.547,5.0169999999999995,21.8,15.456,15
522,2020-11-01,8327.9612,0.0,30021.0,0,0,21,144769.0,0,80648,85.0,0,6370,8.741,6.6659999999999995,20.0,20.136,15
522,2020-12-01,7263.2993,0.0,27993.0,0,0,11,118896.0,0,86523,85.0,0,6308,8.304,6.170999999999999,14.0,20.018,15
522,2021-01-01,11315.2326,0.0,14547.0,0,0,3,160384.0,0,48962,158.0,0,3906,1.927,1.497,24.0,13.695,15
522,2021-02-01,10531.2384,0.0,15142.0,0,0,4,195824.0,0,53600,242.0,0,4223,8.905000000000001,4.742,16.4,14.965,15
522,2021-03-01,11533.702000000001,0.0,15737.0,0,0,1,215653.0,0,45643,176.0,0,3848,10.612,7.664,13.0,14.497,15
522,2021-04-01,3949.05044612,0.0,7945.0,0,1,1,53319.99984792,0,15553,101.56757601000001,0,1905,8.436,8.106,29.0,13.626,15
522,2021-05-01,6143.56930491,0.0,8683.81,0,1,2,118333.9995648,0,13394,246.38705719,0,1726,11.154,5.39,18.0,17.457,15
522,2021-06-01,6193.96665263,0.0,11179.800000000001,0,0,0,165121.9993998,0,17836,357.40714374,0,2008,20.474,11.046,21.4,15.584999999999999,15
522,2021-07-01,10439.2225,131389.045796,16408.09,0,1,1,178243.0,8301181,40289,200.0,7393,3198,12.958,5.1690000000000005,26.0,22.776,15
522,2021-08-01,9549.7238,160689.671536,16214.24,0,0,0,218771.0,12959297,44531,150.0,8454,3417,18.37,8.52,22.4,22.497,15
522,2021-09-01,10344.8912,154193.898409,15471.39,0,0,22,247852.0,11764253,44748,94.0,8564,3418,18.061,7.976,15.4,16.678,15
523,2020-10-01,10269.3023,0.0,6359.0,0,1,47,180635.0,0,5451,136.0,0,687,1.462,1.052,29.4,27.448999999999998,15
523,2020-11-01,10015.5884,0.0,31954.0,0,1,24,178507.0,0,87138,147.0,0,6863,0.5,0.0,23.0,19.019,15
523,2020-12-01,8909.1572,0.0,31112.0,0,1,12,144162.0,0,94116,96.0,0,7078,0.0,0.0,19.0,19.606,15
523,2021-01-01,14378.1513,0.0,15634.0,0,0,6,203742.0,0,52932,237.0,0,4236,3.557,1.065,22.4,34.068,15
523,2021-02-01,15321.214,0.0,16216.0,0,0,6,290603.0,0,58292,374.0,0,4611,5.316000000000001,4.026,25.4,16.556,15
523,2021-03-01,13581.6111,0.0,16936.0,0,0,2,252152.0,0,49047,193.0,0,4270,5.979,3.0010000000000003,27.4,15.739999999999998,15
523,2021-04-01,4792.38638091,0.0,9036.0,0,0,3,65923.9998386,0,16816,125.26904708,0,2099,7.248,4.773,29.4,22.996000000000002,15
523,2021-05-01,7747.6608163500005,0.0,8623.15,0,0,1,149779.9995903,0,14695,313.73874462,0,1813,7.061,2.552,35.8,17.46,15
523,2021-06-01,7759.0841439,0.0,12571.67,0,0,2,209837.9994296,0,19760,455.4534538,0,2268,3.947,2.088,30.8,16.142,15
523,2021-07-01,13213.2605,154636.0304619,17947.63,0,0,1,225037.0,11221101,44014,262.0,9542,3528,6.509,4.485,15.6,16.477,15
523,2021-08-01,11684.214399999999,190510.0927265,17448.09,0,0,1,268611.0,17408294,48294,190.0,11107,3697,11.847,6.497,16.6,15.156,15
523,2021-09-01,11960.5172,183608.4600003,16668.78,0,3,26,284035.0,15789236,48859,123.0,10961,3747,1.122,0.0,11.8,20.138,15
524,2020-10-01,10477.8351,0.0,6273.0,0,1,28,175948.0,0,5872,116.0,0,680,1.38,1.05,18.0,23.7,15
524,2020-11-01,10388.2333,0.0,37515.0,0,0,18,176977.0,0,101435,133.0,0,8104,5.994,5.4639999999999995,16.0,22.009999999999998,15
524,2020-12-01,9758.0904,0.0,35420.0,0,0,8,154172.0,0,109027,142.0,0,7951,8.237,5.869,7.0,25.755000000000003,15
524,2021-01-01,14768.5524,0.0,17738.0,0,0,7,196815.0,0,59643,204.0,0,4791,2.6470000000000002,2.267,10.0,23.343,15
524,2021-02-01,12896.124899999999,0.0,18158.0,0,1,4,235938.0,0,66971,322.0,0,5171,5.141,3.781,15.0,25.457,15
524,2021-03-01,14224.7966,0.0,19613.0,0,2,3,262358.0,0,56887,212.0,0,4876,9.651,5.953,11.0,24.1,15
524,2021-04-01,4934.28254162,0.0,9556.0,0,0,6,65898.9998344,0,19125,125.70436342,0,2303,9.484,4.758,24.4,23.817,15
524,2021-05-01,7712.45679552,0.0,9583.4,0,1,2,146024.9995719,0,17004,303.15412415,0,1994,7.396000000000001,3.1350000000000002,20.0,20.977,15
524,2021-06-01,7602.232076089999,0.0,14321.52,0,0,0,198149.999395,0,23128,428.19156881000004,0,2659,10.861,3.294,15.0,20.591,15
524,2021-07-01,12954.6527,158369.9599323,20028.22,0,1,0,216617.0,10082076,50878,248.0,9142,3997,10.573,3.175,19.2,20.615000000000002,15
524,2021-08-01,11446.5174,200419.2697393,20525.9,0,3,1,269803.0,15988328,58057,190.0,10763,4396,8.303,3.592,13.4,30.587000000000003,15
524,2021-09-01,12841.2237,189755.318283,20275.05,0,2,18,314307.0,14058258,59447,132.0,10229,4484,7.461,4.423,9.0,26.522,15
525,2020-10-01,8128.5614,0.0,5628.0,0,0,30,141658.0,0,4820,116.0,0,590,0.0,0.0,27.0,31.278999999999996,15
525,2020-11-01,8091.232,0.0,28783.0,0,0,18,142034.0,0,77433,90.0,0,6082,1.21,1.0,17.4,32.424,15
525,2020-12-01,7214.3099,0.0,27050.0,0,0,8,115176.0,0,81537,90.0,0,6187,8.338999999999999,7.389,21.0,28.977,15
525,2021-01-01,12077.0379,0.0,13057.0,0,0,4,177041.0,0,47050,204.0,0,3699,1.401,1.151,19.0,25.949,15
525,2021-02-01,14552.6295,0.0,14858.0,0,0,10,276650.0,0,51317,375.0,0,4173,2.944,2.2640000000000002,29.0,26.791,15
525,2021-03-01,11898.4874,0.0,14814.0,0,0,4,223654.0,0,43349,194.0,0,3656,2.586,1.0,26.4,25.929,15
525,2021-04-01,4111.553490820001,0.0,8643.0,0,0,1,56025.9998358,0,15104,108.31731449,0,1884,4.9990000000000006,3.155,34.4,30.759,15
525,2021-05-01,6499.549814460001,0.0,8787.46,0,0,0,125176.9995868,0,13296,260.55598472,0,1717,2.5060000000000002,2.066,36.8,28.259,15
525,2021-06-01,6336.24387647,0.0,10845.630000000001,0,0,1,171848.9994286,0,17149,374.0690354,0,1883,13.965,8.722000000000001,34.4,26.024,15
525,2021-07-01,8877.928899999999,97610.707075,15739.2,0,0,3,146569.0,7507984,36782,166.0,6002,3025,11.219,4.478,25.0,28.238,15
525,2021-08-01,7805.6716,123947.92522,15055.07,0,1,2,183659.0,12028130,41443,124.0,7221,3130,13.097000000000001,7.103999999999999,24.4,28.157,15
525,2021-09-01,8828.9915,119521.436743,14035.16,0,0,22,210256.0,10789894,40711,73.0,7094,3030,7.09,5.4399999999999995,20.8,22.405,15
526,2020-10-01,5484.2165,0.0,3329.0,0,0,32,93394.0,0,3266,46.0,0,364,0.0,0.0,23.6,16.023,15
526,2020-11-01,6046.6849999999995,0.0,21467.0,0,0,20,109087.0,0,56684,98.0,0,4730,0.5,0.0,16.6,9.916,15
526,2020-12-01,5980.7523,0.0,19717.0,0,0,9,100139.0,0,61912,99.0,0,4754,1.169,1.159,11.8,16.122999999999998,15
526,2021-01-01,9686.3454,0.0,10056.0,0,0,4,138354.0,0,35157,136.0,0,3030,1.313,1.003,14.200000000000001,13.042,15
526,2021-02-01,13993.7836,0.0,11735.0,0,0,6,269888.0,0,40930,321.0,0,3389,0.0,0.0,24.2,15.247,15
526,2021-03-01,9966.4352,0.0,11184.0,0,0,6,185585.0,0,33397,162.0,0,2948,1.414,0.934,21.8,14.437999999999999,15
526,2021-04-01,3079.13379486,0.0,5206.0,0,0,6,43230.999823599996,0,10823,81.72227477999999,0,1386,3.893,3.293,17.0,13.833,15
526,2021-05-01,4832.19373229,0.0,5743.01,0,0,3,92325.99956720001,0,9550,190.46233681,0,1200,6.522,4.198,19.4,12.116,15
526,2021-06-01,4780.1234166799995,0.0,7486.99,0,0,2,124555.999377,0,12671,267.62834568,0,1455,3.002,0.0,15.2,8.863,15
526,2021-07-01,8097.9115,86274.2540945,11283.3,0,0,3,132596.0,3947011,28154,129.0,4086,2274,8.813,4.471,19.85,19.188,15
526,2021-08-01,7206.4542,106327.131125,11048.529999999999,0,0,0,171410.0,6676342,31003,113.0,5052,2382,7.095000000000001,4.15,13.0,10.044,15
526,2021-09-01,8638.7195,105034.858322,11306.91,0,0,16,178620.0,6185034,32134,49.0,5371,2524,5.11,1.092,10.8,15.373000000000001,15
527,2020-10-01,7206.9958,0.0,2818.0,0,0,20,125527.0,0,3007,126.0,0,291,0.0,0.0,15.8,19.59,15
527,2020-11-01,6719.3009,0.0,20358.0,0,0,14,122192.0,0,54332,104.0,0,4438,0.5,0.0,23.4,13.530999999999999,15
527,2020-12-01,5777.3674,0.0,18503.0,0,0,4,95962.0,0,57016,88.0,0,4386,4.168,3.5880000000000005,11.0,13.585,15
527,2021-01-01,10619.1252,0.0,8990.0,0,0,4,148902.0,0,32598,143.0,0,2592,0.0,0.0,15.8,19.47,15
527,2021-02-01,11136.7934,0.0,8982.0,0,0,2,212438.0,0,33527,259.0,0,2740,0.0,0.0,12.4,13.232999999999999,15
527,2021-03-01,9245.5561,0.0,9744.0,0,0,0,172423.0,0,30093,125.0,0,2556,1.176,1.076,15.8,8.196000000000002,15
527,2021-04-01,3296.11536555,0.0,5176.0,0,1,4,47257.999827499996,0,10554,90.39932655,0,1220,4.21,2.2489999999999997,23.2,14.293,15
527,2021-05-01,6432.34247771,0.0,5490.3,0,0,1,106653.9995589,0,8859,220.82640539000002,0,1158,4.393,2.0629999999999997,22.6,14.117,15
527,2021-06-01,5194.84590769,0.0,7155.42,0,1,0,143151.99940509998,0,11561,309.76333744,0,1267,9.878,3.8209999999999997,15.8,7.183,15
527,2021-07-01,8244.6338,72242.1623464,9892.05,0,0,0,132585.0,5051669,25011,136.0,5212,2006,10.87,4.181,16.8,11.201,15
527,2021-08-01,6887.3816,92900.6105576,10636.86,0,0,0,164019.0,8182769,29543,99.0,5443,2318,9.426,5.51,19.4,10.186,15
527,2021-09-01,7519.7562,91688.15906810001,10738.39,0,1,12,173986.0,7581468,34127,40.0,5567,2412,7.824999999999999,3.188,18.4,13.161,15
528,2020-10-01,9804.3691,0.0,6388.0,0,1,28,175996.0,0,5840,131.0,0,668,1.17,1.0,32.4,10.969999999999999,15
528,2020-11-01,9511.41,0.0,34811.0,0,0,15,169774.0,0,94516,115.0,0,7467,0.0,0.0,15.2,18.121,15
528,2020-12-01,8822.0421,0.0,32069.0,0,0,6,145444.0,0,99208,121.0,0,7399,2.65,2.15,14.2,9.075,15
528,2021-01-01,13555.9299,0.0,15677.0,0,0,2,202740.0,0,56434,198.0,0,4561,2.591,1.096,20.4,8.491,15
528,2021-02-01,15817.1809,0.0,18176.0,0,0,5,300874.0,0,62858,323.0,0,5082,0.0,0.0,16.6,8.115,15
528,2021-03-01,13913.0459,0.0,18244.0,0,0,2,260618.0,0,53211,248.0,0,4599,5.7940000000000005,4.994,13.6,18.702,15
528,2021-04-01,4719.5010837400005,0.0,9437.0,0,0,1,64954.9998165,0,17603,124.86591059,0,2195,2.158,1.004,23.2,10.675,15
528,2021-05-01,7263.09063931,0.0,10561.31,0,0,1,138014.999556,0,15668,287.22063757,0,2035,13.306000000000001,7.753,29.400000000000002,6.89,15
528,2021-06-01,7339.014831359999,0.0,12786.42,0,0,1,194488.999381,0,20270,422.28809552,0,2350,11.275,3.209,22.4,10.295,15
528,2021-07-01,8859.9512,107364.45117239999,19166.73,0,0,0,149672.0,6400356,45561,162.0,5598,3770,4.663,2.037,20.2,11.452,15
528,2021-08-01,7982.478999999999,130470.75593500001,18329.75,0,0,0,184536.0,10304585,51328,132.0,6826,3823,11.293,3.784,22.6,10.108,15
528,2021-09-01,8732.5077,127144.877643,17793.9,0,1,12,203964.0,9497149,50937,66.0,6877,3925,13.189,3.503,12.0,12.8,15
529,2020-10-01,21000.3545,0.0,17646.0,0,0,32,368546.0,0,14209,341.0,0,1817,2.322,1.015,29.0,39.67,15
529,2020-11-01,20786.3471,0.0,76928.0,0,0,14,360173.0,0,206577,246.0,0,16161,1.857,1.037,30.0,42.871,15
529,2020-12-01,17879.3492,0.0,73262.0,0,0,6,282721.0,0,217942,206.0,0,16152,2.132,0.0,18.0,41.049,15
529,2021-01-01,30588.303,0.0,36750.0,0,0,3,445509.0,0,125012,506.0,0,9654,2.497,2.157,23.0,51.438,15
529,2021-02-01,30634.9143,0.0,38960.0,0,0,6,576717.0,0,136743,771.0,0,10443,2.52,1.23,25.4,38.733000000000004,15
529,2021-03-01,30089.4879,0.0,42149.0,0,0,1,558856.0,0,115669,514.0,0,9921,2.127,1.277,18.4,42.59,15
529,2021-04-01,10379.19994721,0.0,22336.0,0,0,3,135686.999824,0,40070,259.20885007,0,4955,4.235,2.083,35.4,38.859,15
529,2021-05-01,15439.5922428,0.0,22107.26,0,0,3,288661.99952,0,34717,599.8695967,0,4283,4.128,3.3680000000000003,36.2,37.572,15
529,2021-06-01,15361.349042099999,0.0,30821.86,0,0,0,401925.999328,0,46830,873.4347329,0,5291,11.358,9.578,21.8,41.376,15
529,2021-07-01,25445.2536,320269.48477700003,43158.79,0,0,1,427092.0,23301018,99824,499.0,19549,8216,13.356,7.979,28.4,38.866,15
529,2021-08-01,23050.8016,394940.667612,41511.950000000004,0,1,1,538080.0,36477496,109983,417.0,22380,8605,9.802,3.3129999999999997,23.2,34.899,15
529,2021-09-01,26181.7357,381811.225341,38539.32,0,0,14,607968.0,33078670,108338,221.0,21634,8253,12.866000000000001,7.515,13.0,40.153,15
530,2020-10-01,7792.8408,0.0,4287.0,0,1,22,138549.0,0,3839,69.0,0,452,0.0,0.0,21.0,25.105,15
530,2020-11-01,7406.902599999999,0.0,24835.0,0,0,12,135524.0,0,68102,96.0,0,5406,0.0,0.0,20.0,23.866,15
530,2020-12-01,7030.7572,0.0,23162.0,0,0,8,113379.0,0,73292,96.0,0,5369,1.348,1.008,15.0,25.929,15
530,2021-01-01,10825.0146,0.0,11869.0,0,0,3,153698.0,0,41260,166.0,0,3352,1.192,0.0,22.0,27.147,15
530,2021-02-01,11050.4936,0.0,12266.0,0,0,8,206734.0,0,46096,256.0,0,3616,4.001,2.0220000000000002,15.0,23.126,15
530,2021-03-01,10277.4201,0.0,12989.0,0,0,0,194590.0,0,38578,120.0,0,3382,1.573,0.0,19.0,24.911,15
530,2021-04-01,3330.06414213,0.0,6034.0,0,0,3,48949.999828,0,12851,92.82446333,0,1525,8.009,4.441,27.0,26.378,15
530,2021-05-01,5911.94129969,0.0,6600.42,0,0,3,118304.999561,0,11356,247.25350152,0,1445,5.257,2.982,32.0,16.475,15
530,2021-06-01,5830.50128223,0.0,9176.369999999999,0,3,0,162779.999378,0,15191,353.89601786,0,1754,8.783,4.352,17.8,12.032,15
530,2021-07-01,9690.0308,114246.997496,12858.42,0,3,1,163841.0,7259289,34526,187.0,6104,2671,10.292,4.1579999999999995,14.4,24.192,15
530,2021-08-01,8605.259,142450.839087,12991.91,0,0,2,198813.0,12103522,37529,139.0,7627,2881,6.628,3.02,13.4,23.686,15
530,2021-09-01,8668.1403,139423.232654,13085.14,0,3,18,227336.0,11198537,38675,100.0,8003,2926,9.278,2.194,6.8,18.11,15
531,2020-10-01,5177.6096,0.0,2389.0,0,0,8,81860.0,0,2164,40.0,0,248,0.0,0.0,6.0,2.207,15
531,2020-11-01,5156.6446,0.0,17047.0,0,0,4,88218.0,0,48533,77.0,0,3851,0.0,0.0,6.0,5.0,15
531,2020-12-01,4945.5365,0.0,15717.0,0,0,3,75375.0,0,51127,81.0,0,3758,3.952,1.077,0.0,5.343999999999999,15
531,2021-01-01,7494.159900000001,0.0,7757.0,0,0,1,100290.0,0,29027,101.0,0,2421,0.0,0.0,3.0,5.874,15
531,2021-02-01,8439.213899999999,0.0,9014.0,0,0,1,156625.0,0,32853,165.0,0,2730,1.029,1.009,10.0,5.263999999999999,15
531,2021-03-01,7663.8295,0.0,8413.0,0,0,1,144362.0,0,27570,87.0,0,2296,2.748,2.028,7.0,8.106,15
531,2021-04-01,2255.20270028,0.0,3866.0,0,0,1,32696.99983913,0,8949,62.41803482,0,1090,1.69,1.27,12.0,2.417,15
531,2021-05-01,3932.95519847,0.0,4325.45,0,0,1,76321.999589,0,8052,158.23312777,0,986,1.379,1.169,9.0,7.33,15
531,2021-06-01,3883.93965709,0.0,6297.95,0,0,0,104891.9994439,0,10966,228.29268138999998,0,1236,5.463,4.553,10.0,6.482,15
531,2021-07-01,6779.3444,75061.8352639,8991.96,0,0,0,111636.0,4622347,24328,111.0,4344,1833,3.905,2.234,11.0,8.719,15
531,2021-08-01,6040.5898,99728.80623860001,9394.91,0,0,0,140810.0,7973932,27566,84.0,5237,2071,1.101,0.0,8.0,10.282,15
531,2021-09-01,5704.155,94555.3884059,9478.91,0,0,2,169852.0,6694590,28202,49.0,5238,2134,6.941,4.13,6.0,6.377,15
532,2020-10-01,7978.6105,0.0,4382.0,0,0,30,133453.0,0,5133,67.0,0,500,1.544,1.074,25.2,31.248,15
532,2020-11-01,9256.4893,0.0,32418.0,0,0,17,161017.0,0,89123,130.0,0,7122,5.531,4.201,30.4,37.756,15
532,2020-12-01,7595.7441,0.0,30462.0,0,0,9,122254.0,0,97696,112.0,0,7194,3.457,2.1470000000000002,13.4,27.021,15
532,2021-01-01,12012.9564,0.0,15218.0,0,0,5,168215.0,0,53979,149.0,0,4538,4.189,2.278,21.8,32.796,15
532,2021-02-01,17043.515,0.0,16641.0,0,0,5,325708.0,0,60973,348.0,0,4958,4.501,2.931,32.3,29.779999999999998,15
532,2021-03-01,13113.6767,0.0,16377.0,0,0,4,244660.0,0,51147,187.0,0,4329,8.936,5.307,29.4,29.031,15
532,2021-04-01,4252.91222608,0.0,7936.0,0,0,4,59789.999818,0,16598,113.06282336,0,2052,2.127,1.059,24.4,25.567999999999998,15
532,2021-05-01,6293.1999839,0.0,9036.08,0,0,3,121174.999547,0,14660,252.01990339,0,1880,7.112,6.472,30.6,33.359,15
532,2021-06-01,6469.7491643,0.0,12034.18,0,0,4,166200.999389,0,19460,358.46412918,0,2311,8.481,5.605,26.8,28.289,15
532,2021-07-01,10146.9619,124143.05806,16751.96,0,0,1,171828.0,6893527,43113,193.0,6672,3363,3.784,1.002,22.6,27.85,15
532,2021-08-01,9185.1006,160896.472397,17475.5,0,0,3,206360.0,11418193,48874,122.0,7835,3753,8.902,6.19,23.0,19.191,15
532,2021-09-01,8906.5187,153401.69426299998,18216.02,0,0,17,216762.0,9892083,52590,79.0,7858,4082,8.454,4.4350000000000005,18.6,26.117,15
533,2020-10-01,10293.484,0.0,6042.0,0,0,39,184444.0,0,6350,95.0,0,712,1.205,1.055,21.0,23.612000000000002,15
533,2020-11-01,10229.3256,0.0,34214.0,0,0,23,179522.0,0,92590,121.0,0,7177,0.0,0.0,16.0,34.004999999999995,15
533,2020-12-01,8096.6841,0.0,31494.0,0,0,9,135271.0,0,100278,101.0,0,7122,9.654,8.524000000000001,10.0,38.941,15
533,2021-01-01,12628.872599999999,0.0,16415.0,0,0,8,183492.0,0,55675,178.0,0,4528,1.97,0.0,7.0,21.817,15
533,2021-02-01,14932.926599999999,0.0,17076.0,0,0,6,283081.0,0,60522,281.0,0,4842,1.778,1.098,6.0,28.974000000000004,15
533,2021-03-01,13257.3879,0.0,17450.0,0,0,2,250478.0,0,51710,160.0,0,4384,4.279,3.02,7.0,33.869,15
533,2021-04-01,4660.5326052400005,0.0,8650.0,0,0,3,68514.9998224,0,17370,131.40645937,0,2082,4.349,2.125,16.8,26.02,15
533,2021-05-01,7759.0775204,0.0,10225.78,0,1,2,154982.99955500002,0,15334,325.01284211,0,2012,7.706,4.229,23.4,27.468,15
533,2021-06-01,7834.8757042,0.0,13041.25,0,0,2,215607.999393,0,20187,467.14364889,0,2401,7.218,5.021,21.6,38.577,15
533,2021-07-01,11234.8912,131763.848045,17507.95,0,0,3,194762.0,9666714,45014,244.0,8143,3496,8.319,3.074,21.4,33.145,15
533,2021-08-01,10107.2964,167796.767364,18595.98,0,0,0,226746.0,14913628,52274,152.0,9101,3896,5.538,1.018,13.0,29.595,15
533,2021-09-01,9297.1804,160595.432765,19207.38,0,0,23,229826.0,13743472,55729,109.0,9540,4234,9.913,3.318,8.8,44.837,15
534,2020-10-01,13368.7304,0.0,11187.0,0,0,15,239488.0,0,9469,226.0,0,1173,1.718,1.478,4.0,38.701,15
534,2020-11-01,13481.3792,0.0,48678.0,0,0,9,231813.0,0,131100,144.0,0,10163,0.5,0.0,5.8,26.512,15
534,2020-12-01,11285.7123,0.0,46605.0,0,0,4,180380.0,0,139186,126.0,0,10340,0.5,0.0,5.4,38.766,15
534,2021-01-01,18519.406199999998,0.0,23255.0,0,0,3,277867.0,0,80076,277.0,0,6287,0.0,0.0,7.0,32.75,15
534,2021-02-01,21536.1585,0.0,26006.0,0,0,1,408259.0,0,87558,517.0,0,6963,0.5,0.0,5.8,28.975,15
534,2021-03-01,19953.8838,0.0,26580.0,0,0,0,371930.0,0,73747,377.0,0,6257,1.818,1.368,10.0,34.004000000000005,15
534,2021-04-01,6765.91102211,0.0,14597.0,0,1,3,88275.9998325,0,25598,169.17879996,0,3205,0.0,0.0,12.8,43.727000000000004,15
534,2021-05-01,10921.816594529999,0.0,15158.13,0,0,2,185508.9995596,0,22394,385.93158881,0,2821,0.5,0.0,14.8,37.45,15
534,2021-06-01,10044.71517163,0.0,19420.58,0,0,1,262385.9993747,0,29267,569.87416233,0,3284,8.092,7.102,12.2,38.117000000000004,15
534,2021-07-01,15053.6582,180775.4320259,28166.59,0,1,2,252332.0,13243805,62500,288.0,10768,5218,3.755,3.245,8.4,48.413999999999994,15
534,2021-08-01,13551.4828,219301.6812378,26598.16,0,1,1,315951.0,20362686,70621,249.0,12059,5419,6.913,5.683,12.4,34.932,15
534,2021-09-01,15171.0391,215087.68148169998,24256.34,0,0,12,360171.0,18936338,67593,109.0,12020,5196,5.771,4.881,9.2,43.427,15
535,2020-10-01,6711.9992,0.0,3441.0,0,0,20,119225.0,0,3399,75.0,0,369,0.0,0.0,21.0,8.014,15
535,2020-11-01,6725.3098,0.0,22592.0,0,0,14,124572.0,0,61618,82.0,0,4971,1.0,0.0,22.4,5.987,15
535,2020-12-01,5938.8647,0.0,21053.0,0,0,7,96222.0,0,66395,80.0,0,4908,0.0,0.0,21.0,8.343,15
535,2021-01-01,9510.2142,0.0,10318.0,0,0,1,134425.0,0,36714,146.0,0,2919,1.359,1.049,24.4,8.95,15
535,2021-02-01,8929.4119,0.0,10494.0,0,0,4,165267.0,0,40054,191.0,0,3110,2.418,1.092,33.4,8.593,15
535,2021-03-01,9521.6875,0.0,11636.0,0,0,1,180253.0,0,34126,116.0,0,2979,4.297,3.697,24.4,7.373000000000001,15
535,2021-04-01,2993.60312712,0.0,5451.0,0,1,2,43385.999834,0,11656,83.28091876,0,1363,6.944,4.7,25.2,10.241,15
535,2021-05-01,5341.4965474,0.0,5554.74,0,0,5,106682.9995547,0,10161,222.86989119,0,1228,4.097,2.537,23.6,8.266,15
535,2021-06-01,5217.634417079999,0.0,8099.49,0,0,1,143786.9993929,0,13423,313.3659853,0,1536,1.476,1.396,22.6,8.131,15
535,2021-07-01,8807.4128,96154.8647979,11484.24,0,0,1,149057.0,5841974,29953,178.0,5319,2348,5.923,4.853,14.2,15.821,15
535,2021-08-01,7720.662399999999,124199.8767223,11742.65,0,0,1,175368.0,9744673,32973,120.0,6448,2574,7.274,5.994,20.2,14.32,15
535,2021-09-01,7209.332899999999,119958.6357207,11897.56,0,0,20,191316.0,8791253,34711,91.0,6544,2656,5.905,2.8600000000000003,19.8,12.423,15
536,2020-10-01,15363.025300000001,0.0,13874.0,0,3,11,276946.0,0,10566,265.0,0,1406,2.634,2.014,2.0,11.197,15
536,2020-11-01,15261.071,0.0,54804.0,0,1,9,264134.0,0,145133,149.0,0,11393,4.004,2.337,3.0,16.027,15
536,2020-12-01,13322.6442,0.0,52152.0,0,0,4,212683.0,0,154376,144.0,0,11453,1.87,1.39,4.0,7.334,15
536,2021-01-01,22046.7564,0.0,26752.0,0,0,4,328701.0,0,89745,363.0,0,6994,2.6870000000000003,2.127,3.0,7.845000000000001,15
536,2021-02-01,23903.895500000002,0.0,29340.0,0,0,6,452399.0,0,98445,627.0,0,7668,1.35,1.0,9.0,12.396,15
536,2021-03-01,23041.8758,0.0,30792.0,0,0,4,429978.0,0,82116,438.0,0,6982,4.54,1.165,7.4,18.769,15
536,2021-04-01,7679.89118087,0.0,16356.0,0,0,2,98020.99984250001,0,28476,187.35552148,0,3551,5.32,1.0,10.0,21.878999999999998,15
536,2021-05-01,11268.06126381,0.0,16595.09,0,1,0,210308.999574,0,24790,436.50165897000005,0,3090,4.5680000000000005,0.0,10.0,11.298,15
536,2021-06-01,11118.503981329999,0.0,21856.97,0,0,1,290941.9993876,0,33037,634.66040558,0,3623,4.197,2.358,13.4,10.558,15
536,2021-07-01,18931.155,235085.0070519,32122.14,0,2,4,315929.0,17489151,70615,345.0,13832,5933,8.712,5.617,9.0,15.865999999999998,15
536,2021-08-01,17204.497,281740.6574986,28878.870000000003,0,2,2,404174.0,27426514,76500,323.0,16188,5927,5.508,2.539,3.0,13.048,15
536,2021-09-01,20695.794,276434.0905836,26373.62,0,1,12,465142.0,25373049,70715,137.0,15876,5560,5.72,4.97,5.0,16.291,15
537,2020-10-01,12063.503,0.0,8738.0,0,0,5,214039.0,0,7710,142.0,0,933,3.119,2.569,16.8,5.041,15
537,2020-11-01,12444.3317,0.0,43145.0,0,1,4,218071.0,0,116689,165.0,0,9200,1.697,0.0,12.0,10.377,15
537,2020-12-01,10935.5038,0.0,40596.0,0,0,2,178485.0,0,125907,136.0,0,9135,2.0060000000000002,0.0,14.0,9.157,15
537,2021-01-01,17280.855,0.0,21274.0,0,0,1,247027.0,0,70793,269.0,0,5774,1.152,0.0,10.4,7.033,15
537,2021-02-01,18499.5134,0.0,22299.0,0,0,1,349687.0,0,79587,434.0,0,6164,4.615,2.844,13.0,7.2410000000000005,15
537,2021-03-01,17578.1619,0.0,22968.0,0,0,2,327925.0,0,65778,267.0,0,5618,2.901,0.0,13.4,10.931000000000001,15
537,2021-04-01,5887.56791892,0.0,11288.0,0,0,0,80685.99982150001,0,22068,152.9735866,0,2688,4.931,1.056,15.4,8.651,15
537,2021-05-01,9295.1218526,0.0,11829.63,0,0,1,179079.999538,0,19459,372.85744961,0,2376,10.447000000000001,6.014,15.0,6.878,15
537,2021-06-01,9315.21369579,0.0,16971.26,0,0,0,247007.999373,0,26213,535.50083699,0,3055,6.96,2.4539999999999997,15.200000000000001,8.256,15
537,2021-07-01,15422.5527,190133.00722,23429.18,0,0,0,260869.0,13052546,58175,307.0,11587,4566,8.749,2.784,9.8,4.644,15
537,2021-08-01,14003.1992,237767.508022,23535.53,0,0,0,325321.0,20704771,64933,236.0,13328,4965,7.761,3.298,18.2,6.5920000000000005,15
537,2021-09-01,15711.4604,227167.807056,23326.34,0,0,4,345198.0,18534734,66245,139.0,13144,5127,18.206,12.251,13.0,5.333,15
538,2020-10-01,9133.1294,0.0,6673.0,0,0,11,168326.0,0,5730,119.0,0,675,0.0,0.0,8.4,12.276,15
538,2020-11-01,8938.9123,0.0,33589.0,1,0,13,165138.0,0,91759,129.0,0,7278,2.4939999999999998,2.2439999999999998,9.4,12.279,15
538,2020-12-01,7632.028,0.0,31096.0,0,0,2,127548.0,0,96143,106.0,0,7159,1.359,0.979,4.0,15.675,15
538,2021-01-01,12821.3082,0.0,15966.0,0,0,3,194484.0,0,55698,214.0,0,4576,0.0,0.0,4.800000000000001,7.185,15
538,2021-02-01,14266.0394,0.0,17735.0,0,0,4,272614.0,0,62626,288.0,0,4972,2.766,1.166,9.2,8.089,15
538,2021-03-01,12754.1152,0.0,17823.0,0,0,1,241338.0,0,52492,167.0,0,4615,5.732,1.171,11.2,14.706,15
538,2021-04-01,4179.17911439,0.0,8687.0,0,0,8,61249.9998175,0,17391,117.68885067,0,2111,10.778,5.964,13.4,6.155,15
538,2021-05-01,6719.60778757,0.0,9613.46,0,0,4,131922.9995233,0,14969,275.52078371,0,1984,9.771,2.342,18.8,4.545,15
538,2021-06-01,6810.55064454,0.0,12546.88,0,1,2,183782.999362,0,19891,400.22083433,0,2353,20.673000000000002,11.618,20.6,10.165,15
538,2021-07-01,9695.9189,123250.6124996,17782.23,0,0,0,167861.0,6897798,44813,184.0,6442,3563,9.375,4.684,10.0,9.885,15
538,2021-08-01,8970.2534,152557.4578757,17302.36,0,0,2,202484.0,11834511,47809,148.0,7750,3703,9.894,5.135,8.6,8.042,15
538,2021-09-01,9056.6026,146343.974487,17163.59,0,0,15,201407.0,10507224,47787,83.0,7831,3801,8.654,1.372,12.8,9.943999999999999,15
539,2020-10-01,9148.5392,0.0,5919.0,0,0,6,165824.0,0,5574,85.0,0,646,1.331,1.011,7.0,11.088000000000001,15
539,2020-11-01,9012.3861,0.0,30948.0,0,0,7,163019.0,0,84937,126.0,0,6633,2.6959999999999997,2.0460000000000003,8.4,13.081,15
539,2020-12-01,7856.8597,0.0,28084.0,0,0,3,129953.0,0,90685,99.0,0,6401,0.0,0.0,5.0,8.049,15
539,2021-01-01,12074.458200000001,0.0,14910.0,0,0,2,177217.0,0,51144,181.0,0,4235,3.019,2.049,8.0,10.1,15
539,2021-02-01,13974.4428,0.0,16157.0,0,0,3,264628.0,0,57182,281.0,0,4534,4.148,2.3289999999999997,7.0,11.12,15
539,2021-03-01,12690.923999999999,0.0,16271.0,0,0,1,240541.0,0,48305,168.0,0,4083,2.968,1.156,5.0,9.126,15
539,2021-04-01,4059.29196347,0.0,7701.0,0,0,1,59410.9998206,0,15953,112.34627917,0,1951,7.5,1.0,10.8,12.113,15
539,2021-05-01,6591.0478017899995,0.0,9003.24,0,0,1,129855.999544,0,13900,271.84983692,0,1801,9.496,4.787,8.4,13.979,15
539,2021-06-01,6699.74336152,0.0,11834.3,0,0,0,181963.999383,0,18318,393.96439546,0,2187,6.508,2.215,11.4,11.05,15
539,2021-07-01,10447.0676,122668.5201429,15971.99,0,0,1,178490.0,7302856,41780,196.0,7118,3216,8.902000000000001,6.098000000000001,9.4,5.108,15
539,2021-08-01,9508.9358,151066.504139,16850.14,0,0,1,214735.0,11415927,46413,154.0,7691,3564,4.119,2.0629999999999997,5.0,8.103,15
539,2021-09-01,8960.0917,148157.1895106,16872.15,0,0,11,225773.0,10705362,47698,83.0,8211,3726,9.6,6.6290000000000004,6.0,2.037,15
540,2020-10-01,7972.8481,0.0,6602.0,0,0,5,141645.0,0,5251,123.0,0,673,0.0,0.0,20.4,11.125,15
540,2020-11-01,8306.366399999999,0.0,28929.0,1,0,4,150235.0,0,78119,104.0,0,6157,0.0,0.0,10.0,7.675,15
540,2020-12-01,6981.0753,0.0,27910.0,0,0,1,112362.0,0,83191,74.0,0,6386,1.143,1.003,8.0,4.713,15
540,2021-01-01,13000.7376,0.0,13436.0,0,0,1,197646.0,0,48108,241.0,0,3712,1.507,1.017,12.4,11.575,15
540,2021-02-01,15632.1283,0.0,14817.0,0,0,1,299515.0,0,52794,367.0,0,4096,1.214,1.004,12.0,10.802999999999999,15
540,2021-03-01,12568.3377,0.0,15709.0,0,0,0,236758.0,0,44082,191.0,0,3858,4.422,2.657,10.0,5.03,15
540,2021-04-01,4197.21591562,0.0,8482.0,0,0,0,56663.9998263,0,15565,108.77067368,0,1934,2.722,2.192,16.0,8.579,15
540,2021-05-01,6617.5449193,0.0,8163.07,0,0,1,128220.99955390001,0,13189,268.1415718,0,1671,8.747,4.2219999999999995,14.8,11.682,15
540,2021-06-01,6542.16587113,0.0,11362.11,0,0,0,178764.9993584,0,17790,389.28095258,0,2006,3.9110000000000005,1.016,16.4,16.426000000000002,15
540,2021-07-01,11118.4569,127701.7325542,16275.99,0,0,0,187833.0,8860052,37184,233.0,7393,3122,9.335,4.941000000000001,14.0,13.463000000000001,15
540,2021-08-01,10084.9552,158921.11923810001,15401.310000000001,0,0,0,231575.0,14179461,40050,176.0,8788,3255,8.885,1.371,12.4,16.011,15
540,2021-09-01,11155.4958,154923.7507633,14478.52,0,0,4,240045.0,12942050,40005,102.0,8784,3121,6.973,4.7829999999999995,6.0,17.686,15
541,2020-10-01,8223.1523,0.0,5348.0,0,0,10,152936.0,0,4755,98.0,0,547,3.729,3.249,11.4,7.2059999999999995,15
541,2020-11-01,8090.0859,0.0,26630.0,1,0,6,151364.0,0,72583,114.0,0,5718,3.443,2.273,13.0,12.329,15
541,2020-12-01,6601.1795999999995,0.0,24379.0,0,0,2,112813.0,0,76920,76.0,0,5651,2.833,2.193,11.0,10.581,15
541,2021-01-01,11244.5952,0.0,12980.0,0,0,1,172562.0,0,44610,195.0,0,3626,0.0,0.0,15.4,9.178,15
541,2021-02-01,10449.5354,0.0,12981.0,0,0,1,196390.0,0,47529,235.0,0,3721,0.5,0.0,22.4,16.111,15
541,2021-03-01,11529.0603,0.0,13422.0,0,0,2,219108.0,0,41098,122.0,0,3439,3.032,2.222,13.0,21.602,15
541,2021-04-01,3623.3088316900003,0.0,6779.0,0,0,0,53256.9998213,0,14073,101.14127801,0,1684,8.679,6.093,20.0,17.535,15
541,2021-05-01,6306.08233158,0.0,7469.83,0,0,1,127594.999533,0,11845,266.57934554999997,0,1559,5.767,2.0,23.4,24.012999999999998,15
541,2021-06-01,6361.1863871099995,0.0,10039.35,0,0,0,178049.99938400002,0,15513,387.57778829,0,1789,5.4030000000000005,2.089,24.0,24.739,15
541,2021-07-01,10809.3708,121407.6860735,13846.54,0,0,1,186670.0,7421925,35862,206.0,6853,2765,5.022,3.234,19.2,25.369,15
541,2021-08-01,9807.7974,151230.853824,13865.27,0,0,0,218454.0,12421813,38221,146.0,7934,3028,5.243,4.253,15.2,26.314999999999998,15
541,2021-09-01,8906.5491,146002.818418,14103.71,0,0,15,218680.0,11339684,40668,90.0,8229,3117,8.674999999999999,5.168,12.0,30.008,15
542,2020-10-01,245.5503,0.0,0.0,0,1,0,5007.0,0,28,3.0,0,0,0.0,0.0,2.4,0.0,3
542,2020-11-01,178.3732,0.0,396.0,0,0,0,3678.0,0,1091,2.0,0,102,1.821,1.391,2.4,0.0,3
542,2020-12-01,145.8062,0.0,400.0,0,0,0,2464.0,0,1247,3.0,0,112,0.0,0.0,2.0,0.0,3
542,2021-01-01,264.6918,0.0,143.0,0,0,0,4449.0,0,666,10.0,0,58,0.0,0.0,2.0,0.0,3
542,2021-02-01,177.8439,0.0,148.0,0,0,0,3344.0,0,746,1.0,0,67,0.0,0.0,1.0,0.0,3
542,2021-03-01,218.6114,0.0,223.0,0,0,0,4204.0,0,610,2.0,0,61,0.0,0.0,0.0,0.0,3
542,2021-04-01,49.94028408,0.0,108.0,0,0,1,774.99997582,0,240,1.43695092,0,33,4.875,4.125,2.4,0.0,3
542,2021-05-01,112.32577461,0.0,161.75,0,0,0,2407.9999222,0,174,5.14785761,0,44,0.0,0.0,3.0,0.0,3
542,2021-06-01,114.81164101,0.0,157.36,0,1,0,3621.9998990999998,0,212,8.22032415,0,34,0.0,0.0,1.0,0.0,3
542,2021-07-01,144.825,1128.9939902200001,217.87,0,1,0,2565.0,25972,633,3.0,14,47,0.0,0.0,2.4,0.0,3
542,2021-08-01,125.633,1513.4019140999999,215.84,0,1,0,2566.0,71022,556,0.0,52,45,0.0,0.0,1.0,1.187,3
542,2021-09-01,86.19829999999999,1414.5544723,234.86,0,0,0,1663.0,62101,546,2.0,58,51,0.0,0.0,0.4,0.0,3
